epoch,train_loss,val_loss,dice,iou,sensitivity,specificity
1,,1.6983019510904949,0.12348617613315582,0.06583568453788757,0.5316225290298462,0.43574999769528705
2,,1.7092009782791138,0.12631663928429285,0.06743485232194264,0.5625677903493246,0.4161049425601959
3,,1.7167797088623047,0.127701664964358,0.06822483614087105,0.5676443179448446,0.41792155305544537
